{"inputUnits":[63],"outputUnits":14,"inputs":{"0":{"dtype":"number","min":0.1521262526512146,"max":0.7895074486732483},"1":{"dtype":"number","min":0.41839757561683655,"max":1.0762081146240234},"2":{"dtype":"number","min":-7.469432148354826e-7,"max":8.587510365032358e-7},"3":{"dtype":"number","min":0.18181981146335602,"max":0.7524688243865967},"4":{"dtype":"number","min":0.39832746982574463,"max":0.9665408134460449},"5":{"dtype":"number","min":-0.047551464289426804,"max":0.052786849439144135},"6":{"dtype":"number","min":0.14293232560157776,"max":0.8118998408317566},"7":{"dtype":"number","min":0.34709632396698,"max":0.9271491765975952},"8":{"dtype":"number","min":-0.07228796184062958,"max":0.07522526383399963},"9":{"dtype":"number","min":0.12509997189044952,"max":0.8611447215080261},"10":{"dtype":"number","min":0.28969427943229675,"max":0.9098820090293884},"11":{"dtype":"number","min":-0.0944705381989479,"max":0.10260989516973495},"12":{"dtype":"number","min":0.07849214971065521,"max":0.8995593786239624},"13":{"dtype":"number","min":0.2095811814069748,"max":0.9231895804405212},"14":{"dtype":"number","min":-0.11538831889629364,"max":0.14224357903003693},"15":{"dtype":"number","min":0.1665003001689911,"max":0.7989565134048462},"16":{"dtype":"number","min":0.20059388875961304,"max":0.8084905743598938},"17":{"dtype":"number","min":-0.06840072572231293,"max":0.07239989936351776},"18":{"dtype":"number","min":0.1685914397239685,"max":0.8453014492988586},"19":{"dtype":"number","min":0.18073448538780212,"max":0.7234894037246704},"20":{"dtype":"number","min":-0.08732349425554276,"max":0.0640140175819397},"21":{"dtype":"number","min":0.17503976821899414,"max":0.8896220922470093},"22":{"dtype":"number","min":0.1770288348197937,"max":0.7776591181755066},"23":{"dtype":"number","min":-0.10213232040405273,"max":0.0807870626449585},"24":{"dtype":"number","min":0.1744256466627121,"max":0.9047417044639587},"25":{"dtype":"number","min":0.11373251676559448,"max":0.8026559352874756},"26":{"dtype":"number","min":-0.1210198625922203,"max":0.09738215059041977},"27":{"dtype":"number","min":0.1792658269405365,"max":0.8486246466636658},"28":{"dtype":"number","min":0.19010448455810547,"max":0.8318408727645874},"29":{"dtype":"number","min":-0.07255615293979645,"max":0.04504380002617836},"30":{"dtype":"number","min":0.216054305434227,"max":0.8689276576042175},"31":{"dtype":"number","min":0.16235658526420593,"max":0.7732933163642883},"32":{"dtype":"number","min":-0.1061127558350563,"max":0.07397881895303726},"33":{"dtype":"number","min":0.20801030099391937,"max":0.9030424356460571},"34":{"dtype":"number","min":0.17492224276065826,"max":0.8244867920875549},"35":{"dtype":"number","min":-0.12232578545808792,"max":0.09592323005199432},"36":{"dtype":"number","min":0.20752930641174316,"max":0.9112613797187805},"37":{"dtype":"number","min":0.15399061143398285,"max":0.8847083449363708},"38":{"dtype":"number","min":-0.11873367428779602,"max":0.11221437901258469},"39":{"dtype":"number","min":0.17037847638130188,"max":0.8884837031364441},"40":{"dtype":"number","min":0.1984502077102661,"max":0.8683701753616333},"41":{"dtype":"number","min":-0.07857947051525116,"max":0.06036233901977539},"42":{"dtype":"number","min":0.14920932054519653,"max":0.8749621510505676},"43":{"dtype":"number","min":0.15825015306472778,"max":0.808017909526825},"44":{"dtype":"number","min":-0.10663264244794846,"max":0.09330935776233673},"45":{"dtype":"number","min":0.15613004565238953,"max":0.9144270420074463},"46":{"dtype":"number","min":0.15213076770305634,"max":0.8425307273864746},"47":{"dtype":"number","min":-0.12369618564844131,"max":0.10212359577417374},"48":{"dtype":"number","min":0.16828957200050354,"max":0.9201037287712097},"49":{"dtype":"number","min":0.12161464989185333,"max":0.8683621287345886},"50":{"dtype":"number","min":-0.13231532275676727,"max":0.1094789206981659},"51":{"dtype":"number","min":0.14087192714214325,"max":0.9119495153427124},"52":{"dtype":"number","min":0.21863411366939545,"max":0.9163130521774292},"53":{"dtype":"number","min":-0.08486231416463852,"max":0.07914578914642334},"54":{"dtype":"number","min":0.10377779603004456,"max":0.9014747738838196},"55":{"dtype":"number","min":0.16873958706855774,"max":0.8637470602989197},"56":{"dtype":"number","min":-0.11011461913585663,"max":0.10923577845096588},"57":{"dtype":"number","min":0.0853024274110794,"max":0.9104776978492737},"58":{"dtype":"number","min":0.18699048459529877,"max":0.8644639253616333},"59":{"dtype":"number","min":-0.11679191887378693,"max":0.11798921972513199},"60":{"dtype":"number","min":0.0736759752035141,"max":0.9206236004829407},"61":{"dtype":"number","min":0.16118678450584412,"max":0.8804108500480652},"62":{"dtype":"number","min":-0.11909861117601395,"max":0.12534455955028534}},"outputs":{"label":{"dtype":"string","min":0,"max":1,"uniqueValues":["1","2","3","4","5","6","7","8","9","0","+","-","x","/"],"legend":{"0":[0,0,0,0,0,0,0,0,0,1,0,0,0,0],"1":[1,0,0,0,0,0,0,0,0,0,0,0,0,0],"2":[0,1,0,0,0,0,0,0,0,0,0,0,0,0],"3":[0,0,1,0,0,0,0,0,0,0,0,0,0,0],"4":[0,0,0,1,0,0,0,0,0,0,0,0,0,0],"5":[0,0,0,0,1,0,0,0,0,0,0,0,0,0],"6":[0,0,0,0,0,1,0,0,0,0,0,0,0,0],"7":[0,0,0,0,0,0,1,0,0,0,0,0,0,0],"8":[0,0,0,0,0,0,0,1,0,0,0,0,0,0],"9":[0,0,0,0,0,0,0,0,1,0,0,0,0,0],"+":[0,0,0,0,0,0,0,0,0,0,1,0,0,0],"-":[0,0,0,0,0,0,0,0,0,0,0,1,0,0],"x":[0,0,0,0,0,0,0,0,0,0,0,0,1,0],"/":[0,0,0,0,0,0,0,0,0,0,0,0,0,1]}}},"isNormalized":true}